id,title,genres,year,rating,director,cast,keywords,description,poster_url
1,The Dark Knight,Action|Crime|Drama,2008,9.0,Christopher Nolan,Christian Bale|Heath Ledger|Aaron Eckhart,batman|gotham|crime|hero,Batman faces a criminal mastermind who plunges Gotham into chaos.,https://image.tmdb.org/t/p/w500/qJ2tW6WMUDux911r6m7haRef0WH.jpg
2,Batman Begins,Action|Crime|Drama,2005,8.2,Christopher Nolan,Christian Bale|Michael Caine|Liam Neeson,batman|gotham|origin|hero,A billionaire trains to become a vigilante and fight crime in Gotham.,https://www.impawards.com/2005/posters/batman_begins.jpg
3,Inception,Sci-Fi|Action|Thriller,2010,8.8,Christopher Nolan,Leonardo DiCaprio|Joseph Gordon-Levitt|Tom Hardy,dream|mind|heist|subconscious,A thief who steals secrets from dreams takes on a mission to plant one instead.,https://image.tmdb.org/t/p/w500/oYuLEt3zVCKq57qu2F8dT7NIa6f.jpg
4,Joker,Drama|Crime|Thriller,2019,8.4,Todd Phillips,Joaquin Phoenix|Robert De Niro|Zazie Beetz,madness|society|crime|chaos,A struggling comedian spirals into chaos and becomes a symbol of rebellion.,https://image.tmdb.org/t/p/w500/udDclJoHjfjb8Ekgsd4FDteOkCU.jpg
5,Interstellar,Sci-Fi|Adventure|Drama,2014,8.7,Christopher Nolan,Matthew McConaughey|Anne Hathaway|Jessica Chastain,space|time|exploration|future,Astronauts travel through a wormhole to find a new home for humanity.,https://image.tmdb.org/t/p/w500/gEU2QniE6E77NI6lCU6MxlNBvIx.jpg
6,The Avengers,Action|Adventure|Sci-Fi,2012,8.0,Joss Whedon,Robert Downey Jr.|Chris Evans|Scarlett Johansson,superhero|team|battle|marvel,A team of heroes unites to stop an alien invasion threatening Earth.,https://image.tmdb.org/t/p/w500/RYMX2wcKCBAr24UyPD7xwmjaTn.jpg
7,Dune,Adventure|Sci-Fi|Action,2021,8.1,Denis Villeneuve,Timothee Chalamet|Rebecca Ferguson|Oscar Isaac,desert|power|empire|future,A noble family becomes entangled in a struggle for control of a desert planet.,https://image.tmdb.org/t/p/w500/d5NXSklXo0qyIYkgV94XAgMIckC.jpg
8,Parasite,Thriller|Drama|Mystery,2019,8.5,Bong Joon-ho,Song Kang-ho|Lee Sun-kyun|Cho Yeo-jeong,class|family|dark|twist,A poor family infiltrates a wealthy household and tension escalates quickly.,https://image.tmdb.org/t/p/w500/7IiTTgloJzvGI1TAYymCfbfl3v.jpg
9,The Matrix,Sci-Fi|Action,1999,8.7,The Wachowskis,Keanu Reeves|Laurence Fishburne|Carrie-Anne Moss,simulation|reality|cyber|future,A hacker discovers the world is a simulation and joins a resistance.,https://image.tmdb.org/t/p/w500/f89U3ADr1oiB1s9GkdPOEpXUk5H.jpg
10,The Prestige,Drama|Mystery|Thriller,2006,8.5,Christopher Nolan,Hugh Jackman|Christian Bale|Scarlett Johansson,magic|rivalry|obsession|twist,Two magicians become bitter rivals in a contest of illusion and sacrifice.,https://www.impawards.com/2006/posters/prestige.jpg
11,Mad Max: Fury Road,Action|Adventure|Sci-Fi,2015,8.1,George Miller,Tom Hardy|Charlize Theron|Nicholas Hoult,road|chaos|survival|rebellion,A drifter joins a rebel leader in a high-speed chase across the desert.,https://image.tmdb.org/t/p/w500/hA2ple9q4qnwxp3hKVNhroipsir.jpg
12,Arrival,Sci-Fi|Drama|Mystery,2016,7.9,Denis Villeneuve,Amy Adams|Jeremy Renner|Forest Whitaker,language|aliens|communication|time,A linguist tries to communicate with alien visitors before time runs out.,https://image.tmdb.org/t/p/w500/x2FJsf1ElAgr63Y3PNPtJrcmpoe.jpg
13,"Titanic","Romance|Drama",1997,7.9,"James Cameron","Leonardo DiCaprio|Kate Winslet|Billy Zane","ship|romance|disaster|class","Two star-crossed lovers from different classes fall for each other aboard a doomed ship.","https://media.themoviedb.org/t/p/w300_and_h450_face/9xjZS2rlVxm8SFx8kPC3aIGCOYQ.jpg"
14,"The Shawshank Redemption","Drama",1994,9.3,"Frank Darabont","Tim Robbins|Morgan Freeman|Bob Gunton","prison|hope|friendship|redemption","A wrongly convicted man forms an unlikely friendship while enduring years in prison.","https://media.themoviedb.org/t/p/w300_and_h450_face/9cqNxx0GxF0bflZmeSMuL5tnGzr.jpg"
15,"Forrest Gump","Drama|Romance|Comedy",1994,8.8,"Robert Zemeckis","Tom Hanks|Robin Wright|Gary Sinise","destiny|history|love|simplicity","A kind-hearted man unintentionally influences several defining moments in history.","https://media.themoviedb.org/t/p/w300_and_h450_face/Cw4hIUIAmSYfK9QfaUW5igp9La.jpg"
16,"Pulp Fiction","Crime|Drama",1994,8.9,"Quentin Tarantino","John Travolta|Uma Thurman|Samuel L. Jackson","crime|nonlinear|dialogue|violence","The lives of two hitmen, a boxer, and a gangster's wife intertwine in violent, comic vignettes.","https://media.themoviedb.org/t/p/w300_and_h450_face/vQWk5YBFWF4bZaofAbv0tShwBvQ.jpg"
17,"The Godfather","Crime|Drama",1972,9.2,"Francis Ford Coppola","Marlon Brando|Al Pacino|James Caan","mafia|family|power|loyalty","The aging patriarch of a crime family transfers control to his reluctant son.","https://media.themoviedb.org/t/p/w300_and_h450_face/3bhkrj58Vtu7enYsRolD1fZdja1.jpg"
18,"Fight Club","Drama",1999,8.8,"David Fincher","Brad Pitt|Edward Norton|Helena Bonham Carter","identity|rebellion|chaos|masculinity","An insomniac office worker forms an underground fight club that spirals out of control.","https://media.themoviedb.org/t/p/w300_and_h450_face/jSziioSwPVrOy9Yow3XhWIBDjq1.jpg"
19,"Gladiator","Action|Adventure|Drama",2000,8.5,"Ridley Scott","Russell Crowe|Joaquin Phoenix|Connie Nielsen","rome|revenge|arena|betrayal","A betrayed Roman general seeks revenge against the corrupt emperor who wronged him.","https://media.themoviedb.org/t/p/w300_and_h450_face/wN2xWp1eIwCKOD0BHTcErTBv1Uq.jpg"
20,"The Lion King","Animation|Adventure|Drama",1994,8.5,"Roger Allers","Matthew Broderick|Jeremy Irons|James Earl Jones","kingdom|family|coming of age|africa","A young lion prince flees his kingdom after tragedy, then returns to reclaim his destiny.","https://media.themoviedb.org/t/p/w300_and_h450_face/sKCr78MXSLixwmZ8DyJLrpMsd15.jpg"
21,"Toy Story","Animation|Adventure|Comedy",1995,8.3,"John Lasseter","Tom Hanks|Tim Allen|Don Rickles","toys|friendship|jealousy|childhood","A cowboy toy's world is turned upside down when a new spaceman toy arrives.","https://media.themoviedb.org/t/p/w300_and_h450_face/uXDfjJbdP4ijW5hWSBrPrlKpxab.jpg"
22,"Finding Nemo","Animation|Adventure|Comedy",2003,8.2,"Andrew Stanton","Albert Brooks|Ellen DeGeneres|Alexander Gould","ocean|family|search|friendship","An anxious clownfish searches the ocean for his missing son.","https://media.themoviedb.org/t/p/w300_and_h450_face/eHuGQ10FUzK1mdOY69wF5pGgEf5.jpg"
23,"Shrek","Animation|Adventure|Comedy",2001,7.9,"Andrew Adamson","Mike Myers|Eddie Murphy|Cameron Diaz","fairy tale|ogre|friendship|rescue","A grumpy ogre reluctantly teams up with a donkey to rescue a princess.","https://media.themoviedb.org/t/p/w300_and_h450_face/iB64vpL3dIObOtMZgX3RqdVdQDc.jpg"
24,"The Grand Budapest Hotel","Comedy|Drama",2014,8.1,"Wes Anderson","Ralph Fiennes|Tony Revolori|Adrien Brody","hotel|heist|friendship|europe","A legendary concierge and his protege get caught up in a theft and murder mystery.","https://media.themoviedb.org/t/p/w300_and_h450_face/eWdyYQreja6JGCzqHWXpWHDrrPo.jpg"
25,"La La Land","Romance|Drama|Comedy",2016,8.0,"Damien Chazelle","Ryan Gosling|Emma Stone|John Legend","music|dreams|romance|ambition","An aspiring actress and a jazz musician pursue their dreams while falling for each other.","https://media.themoviedb.org/t/p/w300_and_h450_face/uDO8zWDhfWwoFdKS4fzkUJt0Rf0.jpg"
26,"Whiplash","Drama|Music",2014,8.5,"Damien Chazelle","Miles Teller|J.K. Simmons|Melissa Benoist","music|ambition|obsession|mentor","A young drummer is pushed to his limits by a ruthless, perfectionist instructor.","https://media.themoviedb.org/t/p/w300_and_h450_face/7fn624j5lj3xTme2SgiLCeuedmO.jpg"
27,"Get Out","Horror|Mystery|Thriller",2017,7.7,"Jordan Peele","Daniel Kaluuya|Allison Williams|Bradley Whitford","race|horror|family|twist","A young man uncovers a disturbing secret during a visit to his girlfriend's family estate.","https://media.themoviedb.org/t/p/w300_and_h450_face/tFXcEccSQMf3lfhfXKSU9iRBpa3.jpg"
28,"A Quiet Place","Horror|Drama|Sci-Fi",2018,7.5,"John Krasinski","Emily Blunt|John Krasinski|Millicent Simmonds","silence|survival|monsters|family","A family must live in near-total silence to survive creatures that hunt by sound.","https://media.themoviedb.org/t/p/w300_and_h450_face/nAU74GmpUk7t5iklEp3bufwDq4n.jpg"
29,"Hereditary","Horror|Drama|Mystery",2018,7.3,"Ari Aster","Toni Collette|Alex Wolff|Milly Shapiro","family|grief|cult|horror","A family unravels disturbing secrets following the death of their secretive grandmother.","https://media.themoviedb.org/t/p/w300_and_h450_face/4GFPuL14eXi66V96xBWY73Y9PfR.jpg"
30,"The Conjuring","Horror|Mystery|Thriller",2013,7.5,"James Wan","Vera Farmiga|Patrick Wilson|Lili Taylor","haunting|paranormal|family|investigation","Paranormal investigators help a family terrorized by a dark presence in their farmhouse.","https://media.themoviedb.org/t/p/w300_and_h450_face/wVYREutTvI2tmxr6ujrHT704wGF.jpg"
31,"Coco","Animation|Adventure|Family",2017,8.4,"Lee Unkrich","Anthony Gonzalez|Gael Garcia Bernal|Benjamin Bratt","music|family|afterlife|mexico","A boy is transported to the Land of the Dead and uncovers his family's hidden history.","https://media.themoviedb.org/t/p/w300_and_h450_face/6Ryitt95xrO8KXuqRGm1fUuNwqF.jpg"
32,"Spirited Away","Animation|Adventure|Fantasy",2001,8.6,"Hayao Miyazaki","Rumi Hiiragi|Miyu Irino|Mari Natsuki","spirits|magic|coming of age|japan","A young girl becomes trapped in a spirit world and must work to free her parents.","https://media.themoviedb.org/t/p/w300_and_h450_face/39wmItIWsg5sZMyRUHLkWBcuVCM.jpg"
33,"Spider-Man: Into the Spider-Verse","Animation|Action|Adventure",2018,8.4,"Bob Persichetti","Shameik Moore|Jake Johnson|Hailee Steinfeld","superhero|multiverse|coming of age|spider-man","A teenager becomes Spider-Man and teams up with alternate versions of the hero from other dimensions.","https://media.themoviedb.org/t/p/w300_and_h450_face/iiZZdoQBEYBv6id8su7ImL0oCbD.jpg"
34,"Black Panther","Action|Adventure|Sci-Fi",2018,7.3,"Ryan Coogler","Chadwick Boseman|Michael B. Jordan|Lupita Nyong'o","superhero|africa|kingdom|legacy","A new king must defend his technologically advanced nation from a threat to its throne.","https://media.themoviedb.org/t/p/w300_and_h450_face/uxzzxijgPIY7slzFvMotPv8wjKA.jpg"
35,"Guardians of the Galaxy","Action|Adventure|Comedy",2014,8.0,"James Gunn","Chris Pratt|Zoe Saldana|Dave Bautista","space|outlaws|team|humor","A group of misfit outlaws must work together to save the galaxy from destruction.","https://media.themoviedb.org/t/p/w300_and_h450_face/r7vmZjiyZw9rpJMQJdXpjgiCOk9.jpg"
36,"Iron Man","Action|Adventure|Sci-Fi",2008,7.9,"Jon Favreau","Robert Downey Jr.|Gwyneth Paltrow|Jeff Bridges","superhero|technology|redemption|marvel","A billionaire engineer builds a high-tech suit to escape captivity and fight injustice.","https://media.themoviedb.org/t/p/w300_and_h450_face/78lPtwv72eTNqFW9COBYI0dWDJa.jpg"
37,"Wonder Woman","Action|Adventure|Fantasy",2017,7.4,"Patty Jenkins","Gal Gadot|Chris Pine|Robin Wright","superhero|mythology|war|hero","An Amazon warrior leaves her island home to help end a world war.","https://media.themoviedb.org/t/p/w300_and_h450_face/v4ncgZjG2Zu8ZW5al1vIZTsSjqX.jpg"
38,"The Social Network","Drama|Biography",2010,7.7,"David Fincher","Jesse Eisenberg|Andrew Garfield|Justin Timberlake","technology|betrayal|ambition|lawsuit","The founding of a major social network leads to friendship-ending lawsuits and rivalries.","https://media.themoviedb.org/t/p/w300_and_h450_face/n0ybibhJtQ5icDqTp8eRytcIHJx.jpg"
39,"Gone Girl","Thriller|Mystery|Drama",2014,8.1,"David Fincher","Ben Affleck|Rosamund Pike|Neil Patrick Harris","marriage|mystery|media|twist","A man becomes the prime suspect when his wife mysteriously disappears on their anniversary.","https://media.themoviedb.org/t/p/w300_and_h450_face/ts996lKsxvjkO2yiYG0ht4qAicO.jpg"
40,"Knives Out","Comedy|Crime|Mystery",2019,7.9,"Rian Johnson","Daniel Craig|Chris Evans|Ana de Armas","murder mystery|family|detective|inheritance","A detective investigates the suspicious death of a wealthy crime novelist surrounded by his scheming family.","https://media.themoviedb.org/t/p/w300_and_h450_face/pThyQovXQrw2m0s9x82twj48Jq4.jpg"
41,"Top Gun: Maverick","Action|Adventure|Drama",2022,8.2,"Joseph Kosinski","Tom Cruise|Miles Teller|Jennifer Connelly","fighter jets|legacy|training|sacrifice","A daring pilot returns to train a new generation of aviators for a nearly impossible mission.","https://media.themoviedb.org/t/p/w300_and_h450_face/n0YuM4f5lvGAP6MAW2kBIzugXnc.jpg"
42,"Everything Everywhere All at Once","Action|Adventure|Sci-Fi",2022,7.8,"Daniel Kwan","Michelle Yeoh|Ke Huy Quan|Stephanie Hsu","multiverse|family|identity|chaos","An overwhelmed laundromat owner discovers she must connect with parallel versions of herself to save the multiverse.","https://media.themoviedb.org/t/p/w300_and_h450_face/u68AjlvlutfEIcpmbYpKcdi09ut.jpg"
43,"Oppenheimer","Drama|History|Biography",2023,8.3,"Christopher Nolan","Cillian Murphy|Emily Blunt|Robert Downey Jr.","atomic bomb|physics|guilt|history","The story of the physicist who helped build the atomic bomb and grappled with its consequences.","https://media.themoviedb.org/t/p/w300_and_h450_face/8Gxv8gSFCU0XGDykEGv7zR1n2ua.jpg"
44,"Barbie","Comedy|Adventure|Fantasy",2023,6.9,"Greta Gerwig","Margot Robbie|Ryan Gosling|America Ferrera","identity|self-discovery|satire|toys","A doll living in an idealized world is expelled after an existential crisis and journeys into the real world.","https://media.themoviedb.org/t/p/w300_and_h450_face/iuFNMS8U5cb6xfzi51Dbkovj7vM.jpg"
45,"Poor Things","Comedy|Drama|Sci-Fi",2023,8.0,"Yorgos Lanthimos","Emma Stone|Mark Ruffalo|Willem Dafoe","reanimation|freedom|coming of age|surreal","A young woman is brought back to life by an unorthodox scientist and sets out to experience the world.","https://media.themoviedb.org/t/p/w300_and_h450_face/kCGlIMHnOm8JPXq3rXM6c5wMxcT.jpg"
46,"Dune: Part Two","Adventure|Sci-Fi|Action",2024,8.5,"Denis Villeneuve","Timothee Chalamet|Zendaya|Rebecca Ferguson","desert|revenge|prophecy|empire","Paul Atreides unites with the Fremen to seek revenge against the conspirators who destroyed his family.","https://media.themoviedb.org/t/p/w300_and_h450_face/6izwz7rsy95ARzTR3poZ8H6c5pp.jpg"
47,"Anora","Comedy|Drama|Romance",2024,7.5,"Sean Baker","Mikey Madison|Mark Eydelshteyn|Yura Borisov","marriage|nightlife|class|chaos","A young sex worker's whirlwind marriage to a wealthy man's son spirals into chaos.","https://media.themoviedb.org/t/p/w300_and_h450_face/cgXk2tNYhJZLXdBDO5DidAVzQ82.jpg"
48,"Wicked","Fantasy|Musical|Drama",2024,7.7,"Jon M. Chu","Cynthia Erivo|Ariana Grande|Jonathan Bailey","witches|friendship|oz|destiny","Two young women meet at university and become unlikely friends before one becomes a legendary witch.","https://media.themoviedb.org/t/p/w300_and_h450_face/xDGbZ0JJ3mYaGKy4Nzd9Kph6M9L.jpg"
49,"Inside Out 2","Animation|Adventure|Comedy",2024,7.6,"Kelsey Mann","Amy Poehler|Maya Hawke|Kensington Tallman","emotions|puberty|anxiety|growing up","As Riley enters her teenage years, new emotions arrive and disrupt the delicate balance in her mind.","https://media.themoviedb.org/t/p/w300_and_h450_face/vpnVM9B6NMmQpWeZvzLvDESb2QY.jpg"
50,"Conclave","Drama|Mystery|Thriller",2024,7.4,"Edward Berger","Ralph Fiennes|Stanley Tucci|John Lithgow","secrets|power|election|politics","Cardinals gather to elect a new leader amid deep political and personal rivalries.","https://media.themoviedb.org/t/p/w300_and_h450_face/m5x8D0bZ3eKqIVWZ5y7TnZ2oTVg.jpg"
51,"Project Hail Mary","Sci-Fi|Adventure|Drama",2026,8.0,"Phil Lord","Ryan Gosling|Sandra Oh|Milana Vayntrub","space|memory|survival|discovery","A lone astronaut wakes up on a spacecraft with no memory and must save humanity from extinction.","https://media.themoviedb.org/t/p/w300_and_h450_face/AdpvqIhgaqg5JHzH3M6532XV3PG.jpg"
52,"Wuthering Heights","Romance|Drama",2026,6.8,"Emerald Fennell","Margot Robbie|Jacob Elordi","obsession|moors|romance|tragedy","A tempestuous adaptation of the classic novel about all-consuming love and revenge on the English moors.","https://media.themoviedb.org/t/p/w300_and_h450_face/3YBce6dTh1D5oCMITXk2S5QhPt.jpg"
53,"The Super Mario Galaxy Movie","Animation|Adventure|Family",2026,7.2,"Aaron Horvath","Chris Pratt|Anya Taylor-Joy|Jack Black","space|adventure|mushroom kingdom|family","Mario and friends journey through the cosmos on a new galaxy-spanning adventure.","https://media.themoviedb.org/t/p/w300_and_h450_face/eJGWx219ZcEMVQJhAgMiqo8tYY.jpg"
54,"28 Years Later: The Bone Temple","Horror|Adventure|Drama",2026,7.0,"Nia DaCosta","Jodie Comer|Ralph Fiennes|Alfie Williams","infection|survival|ritual|isolation","Survivors of a viral outbreak confront a horrifying new threat deep within a mysterious bone temple.","https://media.themoviedb.org/t/p/w300_and_h450_face/kK1BGkG3KAvWB0WMV1DfOx9yTMZ.jpg"
55,"Hoppers","Animation|Comedy|Family",2026,7.1,"Dean Kelly","Piper Curda|Jon Bass","nature|transformation|family|adventure","A teenager uses experimental technology to transform into a beaver and reconnect with the natural world.","https://media.themoviedb.org/t/p/w300_and_h450_face/xjtWQ2CL1mpmMNwuU5HeS4Iuwuu.jpg"
56,Severance,Sci-Fi|Thriller,2022,8.7,,Adam Scott|Britt Lower|John Turturro,workplace|memory|mystery|corporate,Office workers undergo a procedure that divides work and home memories.,https://image.tmdb.org/t/p/w500/lFf6LLrQjYldcZItzOkGmMMigP7.jpg
57,The Bear,Drama|Comedy,2022,8.6,,Jeremy Allen White|Ayo Edebiri|Ebon Moss-Bachrach,chef|restaurant|family|pressure,A gifted chef returns home to run his family's chaotic sandwich shop.,https://image.tmdb.org/t/p/w500/eKfVzzEazSIjJMrw9ADa2x8ksLz.jpg
58,Blue Planet II,Documentary|Nature,2017,9.3,,David Attenborough,ocean|wildlife|sea|nature,A vivid journey through the extraordinary worlds beneath the waves.,https://theposterdb.com/api/assets/31040
59,The Queen's Gambit,Drama,2020,8.5,,Anya Taylor-Joy,chess|prodigy|competition|genius,A chess prodigy finds her way through a world that never expected her.,https://image.tmdb.org/t/p/w500/zU0htwkhNvBQdVSIKB9s6hgVeFK.jpg
60,Andor,Sci-Fi|Action,2022,8.4,,Diego Luna,rebellion|empire|spy|resistance,An unlikely rebel finds his place in the fight against an empire.,https://image.tmdb.org/t/p/w500/khZqmwHQicTYoS7Flreb9EddFZC.jpg
61,Only Murders in the Building,Comedy|Mystery,2021,8.1,,Steve Martin|Martin Short|Selena Gomez,podcast|murder|neighbors|investigation,Three neighbors turn their true-crime obsession into a real investigation.,https://image.tmdb.org/t/p/w500/yhx6PnU3L2a6FnEFGOlBKTZ8TSD.jpg